<?xml version="1.0" encoding="UTF-8"?>
<package id="1" uuid="cc99579c-540d-48ab-95cd-bfb45ce2bc35">
  <dateCreated id="2">2015-02-03 09:34:39</dateCreated>
  <name>Diagnosis Concept Set</name>
  <description>A Diagnosis Concept Set that is compatible with the EMR-API diagnosis model</description>
  <openmrsVersion>1.9.4 SNAPSHOT Build 7297fb</openmrsVersion>
  <version>1</version>
  <groupUuid>e14e2fba-7fb0-457e-8d36-c59ab9380af0</groupUuid>
  <modules id="3">
    <entry>
      <string>uilibrary</string>
      <string>2.0.3.1</string>
    </entry>
    <entry>
      <string>reportingcompatibility</string>
      <string>1.5.8</string>
    </entry>
    <entry>
      <string>groovy</string>
      <string>2.2.4</string>
    </entry>
    <entry>
      <string>providermanagement</string>
      <string>2.0</string>
    </entry>
    <entry>
      <string>validation</string>
      <string>1.0.1</string>
    </entry>
    <entry>
      <string>uiframework</string>
      <string>3.1</string>
    </entry>
    <entry>
      <string>htmlformentry</string>
      <string>2.2.1</string>
    </entry>
    <entry>
      <string>htmlformentry19ext</string>
      <string>1.4</string>
    </entry>
    <entry>
      <string>metadatamapping</string>
      <string>1.0.1</string>
    </entry>
    <entry>
      <string>metadatasharing</string>
      <string>1.1.8</string>
    </entry>
    <entry>
      <string>logic</string>
      <string>0.5.2</string>
    </entry>
    <entry>
      <string>serialization.xstream</string>
      <string>0.2.7</string>
    </entry>
  </modules>
  <items class="linked-hash-set" id="4">
    <org.openmrs.module.metadatasharing.Item id="5" uuid="159947AAAAAAAAAAAAAAAAAAAAAAAAAAAAAA">
      <id>7539</id>
      <classname>org.openmrs.Concept</classname>
      <dateChanged id="6">2013-09-26 19:57:08</dateChanged>
      <retired>false</retired>
    </org.openmrs.module.metadatasharing.Item>
  </items>
  <relatedItems class="linked-hash-set" id="7">
    <org.openmrs.module.metadatasharing.Item id="8" uuid="8d4a4c94-c2cc-11de-8d13-0010c6dffd0f">
      <id>4</id>
      <classname>org.openmrs.ConceptDatatype</classname>
      <dateChanged id="9">2004-02-02 05:00:00</dateChanged>
      <retired>false</retired>
    </org.openmrs.module.metadatasharing.Item>
    <org.openmrs.module.metadatasharing.Item id="10" uuid="8d492594-c2cc-11de-8d13-0010c6dffd0f">
      <id>10</id>
      <classname>org.openmrs.ConceptClass</classname>
      <dateChanged id="11">2004-03-02 00:00:00</dateChanged>
      <retired>false</retired>
    </org.openmrs.module.metadatasharing.Item>
    <org.openmrs.module.metadatasharing.Item id="12" uuid="107502BBBBBBBBBBBBBBBBBBBBBBBBBBBBBB">
      <id>15376</id>
      <classname>org.openmrs.ConceptName</classname>
      <dateChanged id="13">2010-12-14 02:44:15</dateChanged>
    </org.openmrs.module.metadatasharing.Item>
    <org.openmrs.module.metadatasharing.Item id="14" uuid="107501BBBBBBBBBBBBBBBBBBBBBBBBBBBBBB">
      <id>15377</id>
      <classname>org.openmrs.ConceptName</classname>
      <dateChanged id="15">2010-12-14 02:44:15</dateChanged>
    </org.openmrs.module.metadatasharing.Item>
    <org.openmrs.module.metadatasharing.Item id="16" uuid="1a215e03-010f-4c1a-9030-1ecccca86648">
      <id>2169</id>
      <classname>org.openmrs.ConceptSet</classname>
      <dateChanged id="17">2013-02-21 00:39:06</dateChanged>
    </org.openmrs.module.metadatasharing.Item>
    <org.openmrs.module.metadatasharing.Item id="18" uuid="226ed7ad-b776-4b99-966d-fd818d3302c2">
      <id>3064</id>
      <classname>org.openmrs.Concept</classname>
      <dateChanged id="19">2013-09-26 19:57:09</dateChanged>
      <retired>false</retired>
    </org.openmrs.module.metadatasharing.Item>
    <org.openmrs.module.metadatasharing.Item id="20" uuid="8d4a48b6-c2cc-11de-8d13-0010c6dffd0f">
      <id>2</id>
      <classname>org.openmrs.ConceptDatatype</classname>
      <dateChanged id="21">2004-02-02 00:00:00</dateChanged>
      <retired>false</retired>
    </org.openmrs.module.metadatasharing.Item>
    <org.openmrs.module.metadatasharing.Item id="22" uuid="8d491e50-c2cc-11de-8d13-0010c6dffd0f">
      <id>7</id>
      <classname>org.openmrs.ConceptClass</classname>
      <dateChanged id="23">2004-03-02 00:00:00</dateChanged>
      <retired>false</retired>
    </org.openmrs.module.metadatasharing.Item>
    <org.openmrs.module.metadatasharing.Item id="24" uuid="0b6b2c5c-15f5-102d-96e4-000c29c2a5d7">
      <id>3284</id>
      <classname>org.openmrs.ConceptName</classname>
      <dateChanged id="25">2008-04-29 13:23:13</dateChanged>
    </org.openmrs.module.metadatasharing.Item>
    <org.openmrs.module.metadatasharing.Item id="26" uuid="80def83f-8ad6-49ca-b8a4-87e549c81adf">
      <id>17998</id>
      <classname>org.openmrs.ConceptName</classname>
      <dateChanged id="27">2013-02-21 00:38:10</dateChanged>
    </org.openmrs.module.metadatasharing.Item>
    <org.openmrs.module.metadatasharing.Item id="28" uuid="fd4f7c24-c9eb-4a92-8936-28c1b85d8ff7">
      <id>17999</id>
      <classname>org.openmrs.ConceptName</classname>
      <dateChanged id="29">2013-02-21 00:38:49</dateChanged>
    </org.openmrs.module.metadatasharing.Item>
    <org.openmrs.module.metadatasharing.Item id="30" uuid="f6dbbcc8-d5db-102d-ad2a-000c29c2a5d7">
      <id>12564</id>
      <classname>org.openmrs.ConceptName</classname>
      <dateChanged id="31">2013-02-21 00:38:10</dateChanged>
    </org.openmrs.module.metadatasharing.Item>
    <org.openmrs.module.metadatasharing.Item id="32" uuid="93c47642-07d4-102c-b5fa-0017a47871b2">
      <id>6149</id>
      <classname>org.openmrs.ConceptName</classname>
      <dateChanged id="33">2008-04-29 13:23:13</dateChanged>
    </org.openmrs.module.metadatasharing.Item>
    <org.openmrs.module.metadatasharing.Item id="34" uuid="ed212044-07fe-102c-b5fa-0017a47871b2">
      <id>2731</id>
      <classname>org.openmrs.ConceptDescription</classname>
      <dateChanged id="35">2013-02-21 00:41:48</dateChanged>
    </org.openmrs.module.metadatasharing.Item>
    <org.openmrs.module.metadatasharing.Item id="36" uuid="759cb00a-4943-102e-96e9-000c29c2a5d7">
      <id>8863</id>
      <classname>org.openmrs.ConceptMap</classname>
      <dateChanged id="37">2012-06-21 16:49:52</dateChanged>
    </org.openmrs.module.metadatasharing.Item>
    <org.openmrs.module.metadatasharing.Item id="38" uuid="35543629-7d8c-11e1-909d-c80aa9edcf4e">
      <id>1</id>
      <classname>org.openmrs.ConceptMapType</classname>
      <dateChanged id="39">2012-06-21 00:00:00</dateChanged>
      <retired>false</retired>
    </org.openmrs.module.metadatasharing.Item>
    <org.openmrs.module.metadatasharing.Item id="40" uuid="9ccc5e6f-fe18-38f5-a061-52172966d49a">
      <id>8863</id>
      <classname>org.openmrs.ConceptReferenceTerm</classname>
      <dateChanged id="41">2010-11-24 00:00:00</dateChanged>
      <retired>false</retired>
    </org.openmrs.module.metadatasharing.Item>
    <org.openmrs.module.metadatasharing.Item id="42" uuid="fb9aaaf1-65e2-4c18-b53c-16b575f2f385">
      <id>5</id>
      <classname>org.openmrs.ConceptSource</classname>
      <dateChanged id="43">2010-11-23 13:56:26</dateChanged>
      <retired>false</retired>
    </org.openmrs.module.metadatasharing.Item>
    <org.openmrs.module.metadatasharing.Item id="44" uuid="b192ef8d-b3b4-4325-8871-d50fa481c98b">
      <id>14753</id>
      <classname>org.openmrs.ConceptMap</classname>
      <dateChanged id="45">2013-02-21 00:42:51</dateChanged>
    </org.openmrs.module.metadatasharing.Item>
    <org.openmrs.module.metadatasharing.Item id="46" uuid="70dc1735-8d04-420f-9f5b-120b2d5dda91">
      <id>14830</id>
      <classname>org.openmrs.ConceptReferenceTerm</classname>
      <dateChanged id="47">2013-02-20 04:45:07</dateChanged>
      <retired>false</retired>
    </org.openmrs.module.metadatasharing.Item>
    <org.openmrs.module.metadatasharing.Item id="48" uuid="b5e44116-778f-11e2-ad73-903c7bb72694">
      <id>25</id>
      <classname>org.openmrs.ConceptSource</classname>
      <dateChanged id="49">2013-02-20 04:39:48</dateChanged>
      <retired>false</retired>
    </org.openmrs.module.metadatasharing.Item>
    <org.openmrs.module.metadatasharing.Item id="50" uuid="b25af932-4864-102e-96e9-000c29c2a5d7">
      <id>3066</id>
      <classname>org.openmrs.ConceptMap</classname>
      <dateChanged id="51">2012-06-21 16:49:52</dateChanged>
    </org.openmrs.module.metadatasharing.Item>
    <org.openmrs.module.metadatasharing.Item id="52" uuid="60fe0368-f1eb-3b1f-9690-35127fb72def">
      <id>3066</id>
      <classname>org.openmrs.ConceptReferenceTerm</classname>
      <dateChanged id="53">2010-11-23 00:00:00</dateChanged>
      <retired>false</retired>
    </org.openmrs.module.metadatasharing.Item>
    <org.openmrs.module.metadatasharing.Item id="54" uuid="e2e3a64b-5c9c-4326-b391-7602ab39de0e">
      <id>20030</id>
      <classname>org.openmrs.ConceptMap</classname>
      <dateChanged id="55">2013-09-26 19:57:09</dateChanged>
    </org.openmrs.module.metadatasharing.Item>
    <org.openmrs.module.metadatasharing.Item id="56" uuid="6de954bf-3b60-4abe-8910-2b8f8a399d83">
      <id>19902</id>
      <classname>org.openmrs.ConceptReferenceTerm</classname>
      <dateChanged id="57">2013-09-26 19:38:22</dateChanged>
      <retired>false</retired>
    </org.openmrs.module.metadatasharing.Item>
    <org.openmrs.module.metadatasharing.Item id="58" uuid="edd52713-8887-47b7-ba9e-6e1148824ca4">
      <id>31</id>
      <classname>org.openmrs.ConceptSource</classname>
      <dateChanged id="59">2013-09-04 19:50:05</dateChanged>
      <retired>false</retired>
    </org.openmrs.module.metadatasharing.Item>
    <org.openmrs.module.metadatasharing.Item id="60" uuid="1befb53a-fe91-4f00-a09b-b85c81424090">
      <id>2165</id>
      <classname>org.openmrs.ConceptSet</classname>
      <dateChanged id="61">2013-02-20 21:49:02</dateChanged>
    </org.openmrs.module.metadatasharing.Item>
    <org.openmrs.module.metadatasharing.Item id="62" uuid="970d41ce-5098-47a4-8872-4dd843c0df3f">
      <id>7416</id>
      <classname>org.openmrs.Concept</classname>
      <dateChanged id="63">2014-01-03 23:40:46</dateChanged>
      <retired>false</retired>
    </org.openmrs.module.metadatasharing.Item>
    <org.openmrs.module.metadatasharing.Item id="64" uuid="8d4a4ab4-c2cc-11de-8d13-0010c6dffd0f">
      <id>3</id>
      <classname>org.openmrs.ConceptDatatype</classname>
      <dateChanged id="65">2004-02-02 00:00:00</dateChanged>
      <retired>false</retired>
    </org.openmrs.module.metadatasharing.Item>
    <org.openmrs.module.metadatasharing.Item id="66" uuid="d6102331-c927-413a-a47f-0f88ea128b06">
      <id>25735</id>
      <classname>org.openmrs.ConceptName</classname>
      <dateChanged id="67">2014-01-03 23:40:46</dateChanged>
    </org.openmrs.module.metadatasharing.Item>
    <org.openmrs.module.metadatasharing.Item id="68" uuid="27d4b404-6d3c-4f15-8237-dc6ee42885d7">
      <id>25736</id>
      <classname>org.openmrs.ConceptName</classname>
      <dateChanged id="69">2014-01-03 23:40:46</dateChanged>
    </org.openmrs.module.metadatasharing.Item>
    <org.openmrs.module.metadatasharing.Item id="70" uuid="014ba4e7-07ba-407b-a6e1-72820abcc915">
      <id>15097</id>
      <classname>org.openmrs.ConceptName</classname>
      <dateChanged id="71">2011-08-19 23:41:38</dateChanged>
    </org.openmrs.module.metadatasharing.Item>
    <org.openmrs.module.metadatasharing.Item id="72" uuid="0a859166-a947-4441-8cf0-60a9ea03d280">
      <id>5943</id>
      <classname>org.openmrs.ConceptDescription</classname>
      <dateChanged id="73">2013-02-21 00:40:21</dateChanged>
    </org.openmrs.module.metadatasharing.Item>
    <org.openmrs.module.metadatasharing.Item id="74" uuid="c4d1a87b-dbd3-4d7f-9c7c-1f49b521e157">
      <id>13093</id>
      <classname>org.openmrs.ConceptMap</classname>
      <dateChanged id="75">2012-06-21 16:49:52</dateChanged>
    </org.openmrs.module.metadatasharing.Item>
    <org.openmrs.module.metadatasharing.Item id="76" uuid="234db75b-3c56-3830-8ba8-ecaa301c319a">
      <id>13093</id>
      <classname>org.openmrs.ConceptReferenceTerm</classname>
      <dateChanged id="77">2011-08-19 00:00:00</dateChanged>
      <retired>false</retired>
    </org.openmrs.module.metadatasharing.Item>
    <org.openmrs.module.metadatasharing.Item id="78" uuid="f8d1ddbf-906c-4e9c-b859-672808f93a86">
      <id>13092</id>
      <classname>org.openmrs.ConceptMap</classname>
      <dateChanged id="79">2012-06-21 16:49:52</dateChanged>
    </org.openmrs.module.metadatasharing.Item>
    <org.openmrs.module.metadatasharing.Item id="80" uuid="86a6660d-0e6c-3dcc-ace3-7a840cde27cb">
      <id>13092</id>
      <classname>org.openmrs.ConceptReferenceTerm</classname>
      <dateChanged id="81">2011-08-19 00:00:00</dateChanged>
      <retired>false</retired>
    </org.openmrs.module.metadatasharing.Item>
    <org.openmrs.module.metadatasharing.Item id="82" uuid="559c8021-2a7a-4cd2-b8cb-941da229bb1f">
      <id>20031</id>
      <classname>org.openmrs.ConceptMap</classname>
      <dateChanged id="83">2013-09-26 19:57:09</dateChanged>
    </org.openmrs.module.metadatasharing.Item>
    <org.openmrs.module.metadatasharing.Item id="84" uuid="3e415848-a2d0-4124-9a19-ee77bb86ed43">
      <id>19911</id>
      <classname>org.openmrs.ConceptReferenceTerm</classname>
      <dateChanged id="85">2013-09-26 19:38:23</dateChanged>
      <retired>false</retired>
    </org.openmrs.module.metadatasharing.Item>
    <org.openmrs.module.metadatasharing.Item id="86" uuid="41925fc6-73ac-45f6-b476-55d48fe57d87">
      <id>14742</id>
      <classname>org.openmrs.ConceptMap</classname>
      <dateChanged id="87">2013-02-20 22:13:57</dateChanged>
    </org.openmrs.module.metadatasharing.Item>
    <org.openmrs.module.metadatasharing.Item id="88" uuid="01f9f1bb-5d09-422a-9884-a187629c11a5">
      <id>14831</id>
      <classname>org.openmrs.ConceptReferenceTerm</classname>
      <dateChanged id="89">2013-02-20 04:45:30</dateChanged>
      <retired>false</retired>
    </org.openmrs.module.metadatasharing.Item>
    <org.openmrs.module.metadatasharing.Item id="90" uuid="564AEEEEEEEEEEEEEEEEEEEEEEEEEEEEEEEE">
      <id>1538</id>
      <classname>org.openmrs.ConceptSet</classname>
      <dateChanged id="91">2010-12-14 02:44:15</dateChanged>
    </org.openmrs.module.metadatasharing.Item>
    <org.openmrs.module.metadatasharing.Item id="92" uuid="3cd9ef9a-26fe-102b-80cb-0017a47871b2">
      <id>1379</id>
      <classname>org.openmrs.Concept</classname>
      <dateChanged id="93">2014-01-03 23:37:52</dateChanged>
      <retired>false</retired>
    </org.openmrs.module.metadatasharing.Item>
    <org.openmrs.module.metadatasharing.Item id="94" uuid="5966217f-b7a9-4724-b1be-3960b09173aa">
      <id>15215</id>
      <classname>org.openmrs.ConceptName</classname>
      <dateChanged id="95">2011-10-20 07:26:11</dateChanged>
    </org.openmrs.module.metadatasharing.Item>
    <org.openmrs.module.metadatasharing.Item id="96" uuid="3e18f55e-26fe-102b-80cb-0017a47871b2">
      <id>1475</id>
      <classname>org.openmrs.ConceptName</classname>
      <dateChanged id="97">2014-01-03 23:37:51</dateChanged>
    </org.openmrs.module.metadatasharing.Item>
    <org.openmrs.module.metadatasharing.Item id="98" uuid="3e18f2f2-26fe-102b-80cb-0017a47871b2">
      <id>1474</id>
      <classname>org.openmrs.ConceptName</classname>
      <dateChanged id="99">2013-04-10 02:07:51</dateChanged>
    </org.openmrs.module.metadatasharing.Item>
    <org.openmrs.module.metadatasharing.Item id="100" uuid="f6091c8c-d5db-102d-ad2a-000c29c2a5d7">
      <id>10893</id>
      <classname>org.openmrs.ConceptName</classname>
      <dateChanged id="101">2014-01-03 23:37:51</dateChanged>
    </org.openmrs.module.metadatasharing.Item>
    <org.openmrs.module.metadatasharing.Item id="102" uuid="9e6d5e21-ac4b-4aea-836e-75305d1ecaa5">
      <id>25734</id>
      <classname>org.openmrs.ConceptName</classname>
      <dateChanged id="103">2014-01-03 23:37:51</dateChanged>
    </org.openmrs.module.metadatasharing.Item>
    <org.openmrs.module.metadatasharing.Item id="104" uuid="3d3f403e-26fe-102b-80cb-0017a47871b2">
      <id>957</id>
      <classname>org.openmrs.ConceptAnswer</classname>
      <dateChanged id="105">2006-06-14 19:17:03</dateChanged>
    </org.openmrs.module.metadatasharing.Item>
    <org.openmrs.module.metadatasharing.Item id="106" uuid="3cd9bd04-26fe-102b-80cb-0017a47871b2">
      <id>1345</id>
      <classname>org.openmrs.Concept</classname>
      <dateChanged id="107">2014-01-06 19:34:31</dateChanged>
      <retired>false</retired>
    </org.openmrs.module.metadatasharing.Item>
    <org.openmrs.module.metadatasharing.Item id="108" uuid="8d492774-c2cc-11de-8d13-0010c6dffd0f">
      <id>11</id>
      <classname>org.openmrs.ConceptClass</classname>
      <dateChanged id="109">2004-03-02 05:00:00</dateChanged>
      <retired>false</retired>
    </org.openmrs.module.metadatasharing.Item>
    <org.openmrs.module.metadatasharing.Item id="110" uuid="3e1868b4-26fe-102b-80cb-0017a47871b2">
      <id>1411</id>
      <classname>org.openmrs.ConceptName</classname>
      <dateChanged id="111">2006-06-09 17:11:06</dateChanged>
    </org.openmrs.module.metadatasharing.Item>
    <org.openmrs.module.metadatasharing.Item id="112" uuid="3e1862c4-26fe-102b-80cb-0017a47871b2">
      <id>1410</id>
      <classname>org.openmrs.ConceptName</classname>
      <dateChanged id="113">2006-06-09 17:11:06</dateChanged>
    </org.openmrs.module.metadatasharing.Item>
    <org.openmrs.module.metadatasharing.Item id="114" uuid="f604892e-d5db-102d-ad2a-000c29c2a5d7">
      <id>10860</id>
      <classname>org.openmrs.ConceptName</classname>
      <dateChanged id="115">2010-06-29 13:03:17</dateChanged>
    </org.openmrs.module.metadatasharing.Item>
    <org.openmrs.module.metadatasharing.Item id="116" uuid="0567cd47-4785-4231-9fcb-9f377021d8ee">
      <id>1376</id>
      <classname>org.openmrs.ConceptDescription</classname>
      <dateChanged id="117">2013-04-10 02:09:12</dateChanged>
    </org.openmrs.module.metadatasharing.Item>
    <org.openmrs.module.metadatasharing.Item id="118" uuid="8b7524ee-9a9f-4cf5-ab75-9814cc7b65ee">
      <id>17574</id>
      <classname>org.openmrs.ConceptMap</classname>
      <dateChanged id="119">2013-04-10 02:09:12</dateChanged>
    </org.openmrs.module.metadatasharing.Item>
    <org.openmrs.module.metadatasharing.Item id="120" uuid="aeaa8413-5aa2-4492-8057-ed00eb7ac2bd">
      <id>17538</id>
      <classname>org.openmrs.ConceptReferenceTerm</classname>
      <dateChanged id="121">2013-04-10 01:54:27</dateChanged>
      <retired>false</retired>
    </org.openmrs.module.metadatasharing.Item>
    <org.openmrs.module.metadatasharing.Item id="122" uuid="e0095dbf-7244-4005-8caf-0cf751d20f71">
      <id>13523</id>
      <classname>org.openmrs.ConceptMap</classname>
      <dateChanged id="123">2012-06-21 16:49:52</dateChanged>
    </org.openmrs.module.metadatasharing.Item>
    <org.openmrs.module.metadatasharing.Item id="124" uuid="466a3369-3bfc-39f7-a24e-7ce6e6ddc6c3">
      <id>13523</id>
      <classname>org.openmrs.ConceptReferenceTerm</classname>
      <dateChanged id="125">2011-10-31 00:00:00</dateChanged>
      <retired>false</retired>
    </org.openmrs.module.metadatasharing.Item>
    <org.openmrs.module.metadatasharing.Item id="126" uuid="21ADDDDDDDDDDDDDDDDDDDDDDDDDDDDDDDDD">
      <id>29</id>
      <classname>org.openmrs.ConceptSource</classname>
      <dateChanged id="127">2013-07-03 19:55:03</dateChanged>
      <retired>false</retired>
    </org.openmrs.module.metadatasharing.Item>
    <org.openmrs.module.metadatasharing.Item id="128" uuid="b2112bb8-4864-102e-96e9-000c29c2a5d7">
      <id>1347</id>
      <classname>org.openmrs.ConceptMap</classname>
      <dateChanged id="129">2012-06-21 16:49:52</dateChanged>
    </org.openmrs.module.metadatasharing.Item>
    <org.openmrs.module.metadatasharing.Item id="130" uuid="1b0a2f3d-1e0a-3ffc-a415-ff1ddc2787ba">
      <id>13525</id>
      <classname>org.openmrs.ConceptReferenceTerm</classname>
      <dateChanged id="131">2010-08-24 00:00:00</dateChanged>
      <retired>false</retired>
    </org.openmrs.module.metadatasharing.Item>
    <org.openmrs.module.metadatasharing.Item id="132" uuid="75719712-4943-102e-96e9-000c29c2a5d7">
      <id>7188</id>
      <classname>org.openmrs.ConceptMap</classname>
      <dateChanged id="133">2012-06-21 16:49:52</dateChanged>
    </org.openmrs.module.metadatasharing.Item>
    <org.openmrs.module.metadatasharing.Item id="134" uuid="33f09f21-6902-39c7-b08c-ef0259881623">
      <id>7188</id>
      <classname>org.openmrs.ConceptReferenceTerm</classname>
      <dateChanged id="135">2010-11-24 00:00:00</dateChanged>
      <retired>false</retired>
    </org.openmrs.module.metadatasharing.Item>
    <org.openmrs.module.metadatasharing.Item id="136" uuid="b4ce49bf-a4d3-446e-9438-fd18c6b7f8c9">
      <id>20037</id>
      <classname>org.openmrs.ConceptMap</classname>
      <dateChanged id="137">2013-09-26 19:57:13</dateChanged>
    </org.openmrs.module.metadatasharing.Item>
    <org.openmrs.module.metadatasharing.Item id="138" uuid="169cad7e-107b-47ab-bce6-4e1018326f4f">
      <id>19903</id>
      <classname>org.openmrs.ConceptReferenceTerm</classname>
      <dateChanged id="139">2013-09-26 19:38:22</dateChanged>
      <retired>false</retired>
    </org.openmrs.module.metadatasharing.Item>
    <org.openmrs.module.metadatasharing.Item id="140" uuid="136261ABBBBBBBBBBBBBBBBBBBBBBBBBBBBB">
      <id>13526</id>
      <classname>org.openmrs.ConceptMap</classname>
      <dateChanged id="141">2012-06-21 16:49:52</dateChanged>
    </org.openmrs.module.metadatasharing.Item>
    <org.openmrs.module.metadatasharing.Item id="142" uuid="e9844c60-5139-3ff2-bacc-806eb1da4ac1">
      <id>13526</id>
      <classname>org.openmrs.ConceptReferenceTerm</classname>
      <dateChanged id="143">2010-10-27 00:00:00</dateChanged>
      <retired>false</retired>
    </org.openmrs.module.metadatasharing.Item>
    <org.openmrs.module.metadatasharing.Item id="144" uuid="13ADDDDDDDDDDDDDDDDDDDDDDDDDDDDDDDDD">
      <id>10</id>
      <classname>org.openmrs.ConceptSource</classname>
      <dateChanged id="145">2010-10-24 17:02:38</dateChanged>
      <retired>false</retired>
    </org.openmrs.module.metadatasharing.Item>
    <org.openmrs.module.metadatasharing.Item id="146" uuid="132793ABBBBBBBBBBBBBBBBBBBBBBBBBBBBB">
      <id>13524</id>
      <classname>org.openmrs.ConceptMap</classname>
      <dateChanged id="147">2012-06-21 16:49:52</dateChanged>
    </org.openmrs.module.metadatasharing.Item>
    <org.openmrs.module.metadatasharing.Item id="148" uuid="a69dafbf-5b89-3c59-a7e2-8c0477ca4bc0">
      <id>13524</id>
      <classname>org.openmrs.ConceptReferenceTerm</classname>
      <dateChanged id="149">2010-08-24 00:00:00</dateChanged>
      <retired>false</retired>
    </org.openmrs.module.metadatasharing.Item>
    <org.openmrs.module.metadatasharing.Item id="150" uuid="1ADDDDDDDDDDDDDDDDDDDDDDDDDDDDDDDDDD">
      <id>6</id>
      <classname>org.openmrs.ConceptSource</classname>
      <dateChanged id="151">2009-11-20 01:19:16</dateChanged>
      <retired>false</retired>
    </org.openmrs.module.metadatasharing.Item>
    <org.openmrs.module.metadatasharing.Item id="152" uuid="3d3f417e-26fe-102b-80cb-0017a47871b2">
      <id>958</id>
      <classname>org.openmrs.ConceptAnswer</classname>
      <dateChanged id="153">2006-06-14 19:17:03</dateChanged>
    </org.openmrs.module.metadatasharing.Item>
    <org.openmrs.module.metadatasharing.Item id="154" uuid="3cd9be80-26fe-102b-80cb-0017a47871b2">
      <id>1346</id>
      <classname>org.openmrs.Concept</classname>
      <dateChanged id="155">2014-01-06 19:35:43</dateChanged>
      <retired>false</retired>
    </org.openmrs.module.metadatasharing.Item>
    <org.openmrs.module.metadatasharing.Item id="156" uuid="3e186e2c-26fe-102b-80cb-0017a47871b2">
      <id>1413</id>
      <classname>org.openmrs.ConceptName</classname>
      <dateChanged id="157">2006-06-09 17:14:47</dateChanged>
    </org.openmrs.module.metadatasharing.Item>
    <org.openmrs.module.metadatasharing.Item id="158" uuid="3e186bde-26fe-102b-80cb-0017a47871b2">
      <id>1412</id>
      <classname>org.openmrs.ConceptName</classname>
      <dateChanged id="159">2006-06-09 17:14:47</dateChanged>
    </org.openmrs.module.metadatasharing.Item>
    <org.openmrs.module.metadatasharing.Item id="160" uuid="f604afd0-d5db-102d-ad2a-000c29c2a5d7">
      <id>10861</id>
      <classname>org.openmrs.ConceptName</classname>
      <dateChanged id="161">2010-06-29 13:03:17</dateChanged>
    </org.openmrs.module.metadatasharing.Item>
    <org.openmrs.module.metadatasharing.Item id="162" uuid="ece7f04e-07fe-102c-b5fa-0017a47871b2">
      <id>1377</id>
      <classname>org.openmrs.ConceptDescription</classname>
      <dateChanged id="163">2011-10-31 16:51:03</dateChanged>
    </org.openmrs.module.metadatasharing.Item>
    <org.openmrs.module.metadatasharing.Item id="164" uuid="b2112d20-4864-102e-96e9-000c29c2a5d7">
      <id>1348</id>
      <classname>org.openmrs.ConceptMap</classname>
      <dateChanged id="165">2012-06-21 16:49:52</dateChanged>
    </org.openmrs.module.metadatasharing.Item>
    <org.openmrs.module.metadatasharing.Item id="166" uuid="d85c74ad-0aff-3962-8c8e-100e2801048a">
      <id>13520</id>
      <classname>org.openmrs.ConceptReferenceTerm</classname>
      <dateChanged id="167">2010-08-24 00:00:00</dateChanged>
      <retired>false</retired>
    </org.openmrs.module.metadatasharing.Item>
    <org.openmrs.module.metadatasharing.Item id="168" uuid="132795ABBBBBBBBBBBBBBBBBBBBBBBBBBBBB">
      <id>13521</id>
      <classname>org.openmrs.ConceptMap</classname>
      <dateChanged id="169">2012-06-21 16:49:52</dateChanged>
    </org.openmrs.module.metadatasharing.Item>
    <org.openmrs.module.metadatasharing.Item id="170" uuid="b9c22911-7ff8-3608-a322-1420caa93026">
      <id>13521</id>
      <classname>org.openmrs.ConceptReferenceTerm</classname>
      <dateChanged id="171">2010-08-24 00:00:00</dateChanged>
      <retired>false</retired>
    </org.openmrs.module.metadatasharing.Item>
    <org.openmrs.module.metadatasharing.Item id="172" uuid="2dc23865-f5be-4d8c-96f9-e9a85f3881be">
      <id>17573</id>
      <classname>org.openmrs.ConceptMap</classname>
      <dateChanged id="173">2013-04-10 02:08:35</dateChanged>
    </org.openmrs.module.metadatasharing.Item>
    <org.openmrs.module.metadatasharing.Item id="174" uuid="8692159d-f095-462b-876b-e07824598554">
      <id>17539</id>
      <classname>org.openmrs.ConceptReferenceTerm</classname>
      <dateChanged id="175">2013-04-10 01:54:40</dateChanged>
      <retired>false</retired>
    </org.openmrs.module.metadatasharing.Item>
    <org.openmrs.module.metadatasharing.Item id="176" uuid="990a4471-83e9-4021-b1ce-fd88266e99f0">
      <id>20038</id>
      <classname>org.openmrs.ConceptMap</classname>
      <dateChanged id="177">2013-09-26 19:57:14</dateChanged>
    </org.openmrs.module.metadatasharing.Item>
    <org.openmrs.module.metadatasharing.Item id="178" uuid="1e3d5745-065b-493d-8e2f-a265d0ef44d7">
      <id>19913</id>
      <classname>org.openmrs.ConceptReferenceTerm</classname>
      <dateChanged id="179">2013-09-26 19:38:23</dateChanged>
      <retired>false</retired>
    </org.openmrs.module.metadatasharing.Item>
    <org.openmrs.module.metadatasharing.Item id="180" uuid="75719870-4943-102e-96e9-000c29c2a5d7">
      <id>7189</id>
      <classname>org.openmrs.ConceptMap</classname>
      <dateChanged id="181">2012-06-21 16:49:52</dateChanged>
    </org.openmrs.module.metadatasharing.Item>
    <org.openmrs.module.metadatasharing.Item id="182" uuid="d95ef27d-5090-3918-acfd-dc324df429b1">
      <id>7189</id>
      <classname>org.openmrs.ConceptReferenceTerm</classname>
      <dateChanged id="183">2010-11-24 00:00:00</dateChanged>
      <retired>false</retired>
    </org.openmrs.module.metadatasharing.Item>
    <org.openmrs.module.metadatasharing.Item id="184" uuid="368710db-35b7-4718-aa0c-8719db7b6caf">
      <id>13522</id>
      <classname>org.openmrs.ConceptMap</classname>
      <dateChanged id="185">2012-06-21 16:49:52</dateChanged>
    </org.openmrs.module.metadatasharing.Item>
    <org.openmrs.module.metadatasharing.Item id="186" uuid="0cee399e-a746-39c2-9f1b-dc40cc8a7f2f">
      <id>13522</id>
      <classname>org.openmrs.ConceptReferenceTerm</classname>
      <dateChanged id="187">2011-10-31 00:00:00</dateChanged>
      <retired>false</retired>
    </org.openmrs.module.metadatasharing.Item>
    <org.openmrs.module.metadatasharing.Item id="188" uuid="ece82d48-07fe-102c-b5fa-0017a47871b2">
      <id>1408</id>
      <classname>org.openmrs.ConceptDescription</classname>
      <dateChanged id="189">2011-10-31 16:51:10</dateChanged>
    </org.openmrs.module.metadatasharing.Item>
    <org.openmrs.module.metadatasharing.Item id="190" uuid="132876ABBBBBBBBBBBBBBBBBBBBBBBBBBBBB">
      <id>13528</id>
      <classname>org.openmrs.ConceptMap</classname>
      <dateChanged id="191">2012-06-21 16:49:52</dateChanged>
    </org.openmrs.module.metadatasharing.Item>
    <org.openmrs.module.metadatasharing.Item id="192" uuid="2f275b63-a79c-32ca-a6dd-2f9fc41361a8">
      <id>13528</id>
      <classname>org.openmrs.ConceptReferenceTerm</classname>
      <dateChanged id="193">2010-08-28 00:00:00</dateChanged>
      <retired>false</retired>
    </org.openmrs.module.metadatasharing.Item>
    <org.openmrs.module.metadatasharing.Item id="194" uuid="450d398f-9c42-4d5b-9be3-74ea781038ea">
      <id>20036</id>
      <classname>org.openmrs.ConceptMap</classname>
      <dateChanged id="195">2013-09-26 19:57:12</dateChanged>
    </org.openmrs.module.metadatasharing.Item>
    <org.openmrs.module.metadatasharing.Item id="196" uuid="09abb68f-58ad-434b-ac9d-04380476b8d2">
      <id>19905</id>
      <classname>org.openmrs.ConceptReferenceTerm</classname>
      <dateChanged id="197">2013-09-26 19:38:23</dateChanged>
      <retired>false</retired>
    </org.openmrs.module.metadatasharing.Item>
    <org.openmrs.module.metadatasharing.Item id="198" uuid="b2115c96-4864-102e-96e9-000c29c2a5d7">
      <id>1381</id>
      <classname>org.openmrs.ConceptMap</classname>
      <dateChanged id="199">2012-06-21 16:49:52</dateChanged>
    </org.openmrs.module.metadatasharing.Item>
    <org.openmrs.module.metadatasharing.Item id="200" uuid="295b5606-bdf4-3a49-952b-e072eb11c26a">
      <id>1381</id>
      <classname>org.openmrs.ConceptReferenceTerm</classname>
      <dateChanged id="201">2010-11-23 00:00:00</dateChanged>
      <retired>false</retired>
    </org.openmrs.module.metadatasharing.Item>
    <org.openmrs.module.metadatasharing.Item id="202" uuid="f16b48bf-034e-4519-be14-1583a9e3928f">
      <id>17572</id>
      <classname>org.openmrs.ConceptMap</classname>
      <dateChanged id="203">2013-04-10 01:57:11</dateChanged>
    </org.openmrs.module.metadatasharing.Item>
    <org.openmrs.module.metadatasharing.Item id="204" uuid="3cdfbd8e-f853-4faf-867f-5841b31f1434">
      <id>17537</id>
      <classname>org.openmrs.ConceptReferenceTerm</classname>
      <dateChanged id="205">2013-04-10 01:54:12</dateChanged>
      <retired>false</retired>
    </org.openmrs.module.metadatasharing.Item>
    <org.openmrs.module.metadatasharing.Item id="206" uuid="3d5608f8-d076-49d5-b2b2-2b8e9b725d9b">
      <id>13527</id>
      <classname>org.openmrs.ConceptMap</classname>
      <dateChanged id="207">2012-06-21 16:49:52</dateChanged>
    </org.openmrs.module.metadatasharing.Item>
    <org.openmrs.module.metadatasharing.Item id="208" uuid="a4252d65-3354-37a7-b5b1-ff7e06f51b50">
      <id>13527</id>
      <classname>org.openmrs.ConceptReferenceTerm</classname>
      <dateChanged id="209">2011-10-31 00:00:00</dateChanged>
      <retired>false</retired>
    </org.openmrs.module.metadatasharing.Item>
    <org.openmrs.module.metadatasharing.Item id="210" uuid="7571c386-4943-102e-96e9-000c29c2a5d7">
      <id>7220</id>
      <classname>org.openmrs.ConceptMap</classname>
      <dateChanged id="211">2012-06-21 16:49:52</dateChanged>
    </org.openmrs.module.metadatasharing.Item>
    <org.openmrs.module.metadatasharing.Item id="212" uuid="94ed81fb-e428-36a9-bd04-2799a8676f04">
      <id>7220</id>
      <classname>org.openmrs.ConceptReferenceTerm</classname>
      <dateChanged id="213">2010-11-24 00:00:00</dateChanged>
      <retired>false</retired>
    </org.openmrs.module.metadatasharing.Item>
    <org.openmrs.module.metadatasharing.Item id="214" uuid="584AEEEEEEEEEEEEEEEEEEEEEEEEEEEEEEEE">
      <id>1537</id>
      <classname>org.openmrs.ConceptSet</classname>
      <dateChanged id="215">2010-12-14 02:44:15</dateChanged>
    </org.openmrs.module.metadatasharing.Item>
    <org.openmrs.module.metadatasharing.Item id="216" uuid="159946AAAAAAAAAAAAAAAAAAAAAAAAAAAAAA">
      <id>7537</id>
      <classname>org.openmrs.Concept</classname>
      <dateChanged id="217">2014-01-03 23:35:45</dateChanged>
      <retired>false</retired>
    </org.openmrs.module.metadatasharing.Item>
    <org.openmrs.module.metadatasharing.Item id="218" uuid="8d491a9a-c2cc-11de-8d13-0010c6dffd0f">
      <id>5</id>
      <classname>org.openmrs.ConceptClass</classname>
      <dateChanged id="219">2004-03-02 00:00:00</dateChanged>
      <retired>false</retired>
    </org.openmrs.module.metadatasharing.Item>
    <org.openmrs.module.metadatasharing.Item id="220" uuid="2e1a2926-61e7-4f77-a6f7-454487557919">
      <id>25733</id>
      <classname>org.openmrs.ConceptName</classname>
      <dateChanged id="221">2014-01-03 23:35:45</dateChanged>
    </org.openmrs.module.metadatasharing.Item>
    <org.openmrs.module.metadatasharing.Item id="222" uuid="107497BBBBBBBBBBBBBBBBBBBBBBBBBBBBBB">
      <id>15374</id>
      <classname>org.openmrs.ConceptName</classname>
      <dateChanged id="223">2010-12-04 22:02:33</dateChanged>
    </org.openmrs.module.metadatasharing.Item>
    <org.openmrs.module.metadatasharing.Item id="224" uuid="2981CCCCCCCCCCCCCCCCCCCCCCCCCCCCCCCC">
      <id>8450</id>
      <classname>org.openmrs.ConceptAnswer</classname>
      <dateChanged id="225">2010-12-04 22:02:33</dateChanged>
    </org.openmrs.module.metadatasharing.Item>
    <org.openmrs.module.metadatasharing.Item id="226" uuid="159943AAAAAAAAAAAAAAAAAAAAAAAAAAAAAA">
      <id>7534</id>
      <classname>org.openmrs.Concept</classname>
      <dateChanged id="227">2014-01-06 19:37:10</dateChanged>
      <retired>false</retired>
    </org.openmrs.module.metadatasharing.Item>
    <org.openmrs.module.metadatasharing.Item id="228" uuid="7a342836-4b3f-4fdf-942e-046916e3e0aa">
      <id>25694</id>
      <classname>org.openmrs.ConceptName</classname>
      <dateChanged id="229">2013-12-27 20:40:55</dateChanged>
    </org.openmrs.module.metadatasharing.Item>
    <org.openmrs.module.metadatasharing.Item id="230" uuid="107493BBBBBBBBBBBBBBBBBBBBBBBBBBBBBB">
      <id>15370</id>
      <classname>org.openmrs.ConceptName</classname>
      <dateChanged id="231">2010-12-04 21:52:08</dateChanged>
    </org.openmrs.module.metadatasharing.Item>
    <org.openmrs.module.metadatasharing.Item id="232" uuid="107494BBBBBBBBBBBBBBBBBBBBBBBBBBBBBB">
      <id>15371</id>
      <classname>org.openmrs.ConceptName</classname>
      <dateChanged id="233">2010-12-04 21:52:08</dateChanged>
    </org.openmrs.module.metadatasharing.Item>
    <org.openmrs.module.metadatasharing.Item id="234" uuid="16472FFFFFFFFFFFFFFFFFFFFFFFFFFFFFFF">
      <id>5731</id>
      <classname>org.openmrs.ConceptDescription</classname>
      <dateChanged id="235">2011-12-15 08:12:05</dateChanged>
    </org.openmrs.module.metadatasharing.Item>
    <org.openmrs.module.metadatasharing.Item id="236" uuid="9c91a461-b5b3-4708-9116-b0cd735b7d70">
      <id>20033</id>
      <classname>org.openmrs.ConceptMap</classname>
      <dateChanged id="237">2013-09-26 19:57:10</dateChanged>
    </org.openmrs.module.metadatasharing.Item>
    <org.openmrs.module.metadatasharing.Item id="238" uuid="c69ecbee-c4d2-4753-a280-751e13138973">
      <id>19914</id>
      <classname>org.openmrs.ConceptReferenceTerm</classname>
      <dateChanged id="239">2013-09-26 19:38:23</dateChanged>
      <retired>false</retired>
    </org.openmrs.module.metadatasharing.Item>
    <org.openmrs.module.metadatasharing.Item id="240" uuid="17dfd282-1a81-4d1f-8e68-b2bbd7b38cab">
      <id>13543</id>
      <classname>org.openmrs.ConceptMap</classname>
      <dateChanged id="241">2012-06-21 16:49:52</dateChanged>
    </org.openmrs.module.metadatasharing.Item>
    <org.openmrs.module.metadatasharing.Item id="242" uuid="515377ea-fafb-3767-8dd8-039cac0ec3e4">
      <id>13543</id>
      <classname>org.openmrs.ConceptReferenceTerm</classname>
      <dateChanged id="243">2011-10-31 00:00:00</dateChanged>
      <retired>false</retired>
    </org.openmrs.module.metadatasharing.Item>
    <org.openmrs.module.metadatasharing.Item id="244" uuid="af4dc4da-b41c-4a1e-a307-a0a575713db4">
      <id>13509</id>
      <classname>org.openmrs.ConceptMap</classname>
      <dateChanged id="245">2012-06-21 16:49:52</dateChanged>
    </org.openmrs.module.metadatasharing.Item>
    <org.openmrs.module.metadatasharing.Item id="246" uuid="f643db7b-715d-3480-b802-4d7ffd534947">
      <id>13509</id>
      <classname>org.openmrs.ConceptReferenceTerm</classname>
      <dateChanged id="247">2011-10-31 00:00:00</dateChanged>
      <retired>false</retired>
    </org.openmrs.module.metadatasharing.Item>
    <org.openmrs.module.metadatasharing.Item id="248" uuid="537fa188-11e6-4883-81e8-959781e678fb">
      <id>14733</id>
      <classname>org.openmrs.ConceptMap</classname>
      <dateChanged id="249">2013-02-20 04:54:37</dateChanged>
    </org.openmrs.module.metadatasharing.Item>
    <org.openmrs.module.metadatasharing.Item id="250" uuid="8a3bf7d7-6e91-4397-9727-fe211dd7f81f">
      <id>14833</id>
      <classname>org.openmrs.ConceptReferenceTerm</classname>
      <dateChanged id="251">2013-02-20 04:46:10</dateChanged>
      <retired>false</retired>
    </org.openmrs.module.metadatasharing.Item>
    <org.openmrs.module.metadatasharing.Item id="252" uuid="91613777-588f-471f-a7e2-91e61befa488">
      <id>13544</id>
      <classname>org.openmrs.ConceptMap</classname>
      <dateChanged id="253">2012-06-21 16:49:52</dateChanged>
    </org.openmrs.module.metadatasharing.Item>
    <org.openmrs.module.metadatasharing.Item id="254" uuid="68eccccb-ea55-3520-be9f-f53a0276bf3e">
      <id>13544</id>
      <classname>org.openmrs.ConceptReferenceTerm</classname>
      <dateChanged id="255">2011-10-31 00:00:00</dateChanged>
      <retired>false</retired>
    </org.openmrs.module.metadatasharing.Item>
    <org.openmrs.module.metadatasharing.Item id="256" uuid="137043ABBBBBBBBBBBBBBBBBBBBBBBBBBBBB">
      <id>13510</id>
      <classname>org.openmrs.ConceptMap</classname>
      <dateChanged id="257">2012-06-21 16:49:52</dateChanged>
    </org.openmrs.module.metadatasharing.Item>
    <org.openmrs.module.metadatasharing.Item id="258" uuid="c6641f6d-5812-348c-9011-0cd89361da7b">
      <id>13510</id>
      <classname>org.openmrs.ConceptReferenceTerm</classname>
      <dateChanged id="259">2010-12-04 00:00:00</dateChanged>
      <retired>false</retired>
    </org.openmrs.module.metadatasharing.Item>
    <org.openmrs.module.metadatasharing.Item id="260" uuid="2980CCCCCCCCCCCCCCCCCCCCCCCCCCCCCCCC">
      <id>8451</id>
      <classname>org.openmrs.ConceptAnswer</classname>
      <dateChanged id="261">2010-12-04 22:02:33</dateChanged>
    </org.openmrs.module.metadatasharing.Item>
    <org.openmrs.module.metadatasharing.Item id="262" uuid="159944AAAAAAAAAAAAAAAAAAAAAAAAAAAAAA">
      <id>7535</id>
      <classname>org.openmrs.Concept</classname>
      <dateChanged id="263">2014-01-06 19:41:06</dateChanged>
      <retired>false</retired>
    </org.openmrs.module.metadatasharing.Item>
    <org.openmrs.module.metadatasharing.Item id="264" uuid="387e6803-5b37-4426-ba32-f88b24f2633f">
      <id>25695</id>
      <classname>org.openmrs.ConceptName</classname>
      <dateChanged id="265">2013-12-27 20:41:44</dateChanged>
    </org.openmrs.module.metadatasharing.Item>
    <org.openmrs.module.metadatasharing.Item id="266" uuid="107495BBBBBBBBBBBBBBBBBBBBBBBBBBBBBB">
      <id>15372</id>
      <classname>org.openmrs.ConceptName</classname>
      <dateChanged id="267">2010-12-04 21:53:25</dateChanged>
    </org.openmrs.module.metadatasharing.Item>
    <org.openmrs.module.metadatasharing.Item id="268" uuid="16473FFFFFFFFFFFFFFFFFFFFFFFFFFFFFFF">
      <id>5732</id>
      <classname>org.openmrs.ConceptDescription</classname>
      <dateChanged id="269">2011-12-15 08:12:05</dateChanged>
    </org.openmrs.module.metadatasharing.Item>
    <org.openmrs.module.metadatasharing.Item id="270" uuid="a08a0772-2e82-48ec-bc9e-f72ed7772c08">
      <id>14734</id>
      <classname>org.openmrs.ConceptMap</classname>
      <dateChanged id="271">2013-02-20 04:54:57</dateChanged>
    </org.openmrs.module.metadatasharing.Item>
    <org.openmrs.module.metadatasharing.Item id="272" uuid="2641bac3-2e66-4028-980b-d707fa163567">
      <id>14834</id>
      <classname>org.openmrs.ConceptReferenceTerm</classname>
      <dateChanged id="273">2013-02-20 04:46:30</dateChanged>
      <retired>false</retired>
    </org.openmrs.module.metadatasharing.Item>
    <org.openmrs.module.metadatasharing.Item id="274" uuid="6603671b-034a-4de1-9342-3d51774e1273">
      <id>13511</id>
      <classname>org.openmrs.ConceptMap</classname>
      <dateChanged id="275">2012-06-21 16:49:52</dateChanged>
    </org.openmrs.module.metadatasharing.Item>
    <org.openmrs.module.metadatasharing.Item id="276" uuid="0ffbcde9-cc3e-3d96-8922-2dffb6ba5b71">
      <id>13511</id>
      <classname>org.openmrs.ConceptReferenceTerm</classname>
      <dateChanged id="277">2011-10-31 00:00:00</dateChanged>
      <retired>false</retired>
    </org.openmrs.module.metadatasharing.Item>
    <org.openmrs.module.metadatasharing.Item id="278" uuid="137044ABBBBBBBBBBBBBBBBBBBBBBBBBBBBB">
      <id>13512</id>
      <classname>org.openmrs.ConceptMap</classname>
      <dateChanged id="279">2012-06-21 16:49:52</dateChanged>
    </org.openmrs.module.metadatasharing.Item>
    <org.openmrs.module.metadatasharing.Item id="280" uuid="1aa11f81-340c-3ec4-bdc0-49be83fa2f7e">
      <id>13512</id>
      <classname>org.openmrs.ConceptReferenceTerm</classname>
      <dateChanged id="281">2010-12-04 00:00:00</dateChanged>
      <retired>false</retired>
    </org.openmrs.module.metadatasharing.Item>
    <org.openmrs.module.metadatasharing.Item id="282" uuid="b4061a74-87ba-4d3a-89a4-af7ea3787361">
      <id>13542</id>
      <classname>org.openmrs.ConceptMap</classname>
      <dateChanged id="283">2012-06-21 16:49:52</dateChanged>
    </org.openmrs.module.metadatasharing.Item>
    <org.openmrs.module.metadatasharing.Item id="284" uuid="23364668-2129-3c18-bbe6-f26e1ebca063">
      <id>13542</id>
      <classname>org.openmrs.ConceptReferenceTerm</classname>
      <dateChanged id="285">2011-10-31 00:00:00</dateChanged>
      <retired>false</retired>
    </org.openmrs.module.metadatasharing.Item>
    <org.openmrs.module.metadatasharing.Item id="286" uuid="5a4ef422-a2b3-4bec-8356-0619398213e8">
      <id>20034</id>
      <classname>org.openmrs.ConceptMap</classname>
      <dateChanged id="287">2013-09-26 19:57:11</dateChanged>
    </org.openmrs.module.metadatasharing.Item>
    <org.openmrs.module.metadatasharing.Item id="288" uuid="c5064bd5-e390-4f48-a0a7-18545aa2b3aa">
      <id>19924</id>
      <classname>org.openmrs.ConceptReferenceTerm</classname>
      <dateChanged id="289">2013-09-26 19:38:23</dateChanged>
      <retired>false</retired>
    </org.openmrs.module.metadatasharing.Item>
    <org.openmrs.module.metadatasharing.Item id="290" uuid="632bc834-5e04-4391-b52c-92486e12fbe1">
      <id>13541</id>
      <classname>org.openmrs.ConceptMap</classname>
      <dateChanged id="291">2012-06-21 16:49:52</dateChanged>
    </org.openmrs.module.metadatasharing.Item>
    <org.openmrs.module.metadatasharing.Item id="292" uuid="db5a5376-bc9c-3699-b1dc-9c93d5b0ad98">
      <id>13541</id>
      <classname>org.openmrs.ConceptReferenceTerm</classname>
      <dateChanged id="293">2011-10-31 00:00:00</dateChanged>
      <retired>false</retired>
    </org.openmrs.module.metadatasharing.Item>
    <org.openmrs.module.metadatasharing.Item id="294" uuid="2982CCCCCCCCCCCCCCCCCCCCCCCCCCCCCCCC">
      <id>8452</id>
      <classname>org.openmrs.ConceptAnswer</classname>
      <dateChanged id="295">2010-12-04 22:02:33</dateChanged>
    </org.openmrs.module.metadatasharing.Item>
    <org.openmrs.module.metadatasharing.Item id="296" uuid="159945AAAAAAAAAAAAAAAAAAAAAAAAAAAAAA">
      <id>7536</id>
      <classname>org.openmrs.Concept</classname>
      <dateChanged id="297">2014-01-06 19:43:15</dateChanged>
      <retired>false</retired>
    </org.openmrs.module.metadatasharing.Item>
    <org.openmrs.module.metadatasharing.Item id="298" uuid="107496BBBBBBBBBBBBBBBBBBBBBBBBBBBBBB">
      <id>15373</id>
      <classname>org.openmrs.ConceptName</classname>
      <dateChanged id="299">2010-12-04 21:54:54</dateChanged>
    </org.openmrs.module.metadatasharing.Item>
    <org.openmrs.module.metadatasharing.Item id="300" uuid="878cfa50-1b9f-4a6d-b859-d138d9b0d241">
      <id>25696</id>
      <classname>org.openmrs.ConceptName</classname>
      <dateChanged id="301">2013-12-27 20:45:41</dateChanged>
    </org.openmrs.module.metadatasharing.Item>
    <org.openmrs.module.metadatasharing.Item id="302" uuid="16474FFFFFFFFFFFFFFFFFFFFFFFFFFFFFFF">
      <id>5733</id>
      <classname>org.openmrs.ConceptDescription</classname>
      <dateChanged id="303">2011-12-15 08:12:05</dateChanged>
    </org.openmrs.module.metadatasharing.Item>
    <org.openmrs.module.metadatasharing.Item id="304" uuid="caf3bb99-a0c6-4478-93a9-d41156c5a244">
      <id>13539</id>
      <classname>org.openmrs.ConceptMap</classname>
      <dateChanged id="305">2012-06-21 16:49:52</dateChanged>
    </org.openmrs.module.metadatasharing.Item>
    <org.openmrs.module.metadatasharing.Item id="306" uuid="80ec582d-0d5f-39ea-8b4b-5cf6b697c348">
      <id>13539</id>
      <classname>org.openmrs.ConceptReferenceTerm</classname>
      <dateChanged id="307">2011-10-31 00:00:00</dateChanged>
      <retired>false</retired>
    </org.openmrs.module.metadatasharing.Item>
    <org.openmrs.module.metadatasharing.Item id="308" uuid="137045ABBBBBBBBBBBBBBBBBBBBBBBBBBBBB">
      <id>13514</id>
      <classname>org.openmrs.ConceptMap</classname>
      <dateChanged id="309">2012-06-21 16:49:52</dateChanged>
    </org.openmrs.module.metadatasharing.Item>
    <org.openmrs.module.metadatasharing.Item id="310" uuid="c38af5ca-b766-3250-addc-bcd9af954e10">
      <id>13514</id>
      <classname>org.openmrs.ConceptReferenceTerm</classname>
      <dateChanged id="311">2010-12-04 00:00:00</dateChanged>
      <retired>false</retired>
    </org.openmrs.module.metadatasharing.Item>
    <org.openmrs.module.metadatasharing.Item id="312" uuid="c1951797-f0a6-4d68-af83-69bb1aab88c0">
      <id>13540</id>
      <classname>org.openmrs.ConceptMap</classname>
      <dateChanged id="313">2012-06-21 16:49:52</dateChanged>
    </org.openmrs.module.metadatasharing.Item>
    <org.openmrs.module.metadatasharing.Item id="314" uuid="dabf05ed-2026-3e88-ba93-36af8c4e4656">
      <id>13540</id>
      <classname>org.openmrs.ConceptReferenceTerm</classname>
      <dateChanged id="315">2011-10-31 00:00:00</dateChanged>
      <retired>false</retired>
    </org.openmrs.module.metadatasharing.Item>
    <org.openmrs.module.metadatasharing.Item id="316" uuid="3b51831e-d8d6-4e76-8adb-86c77089407f">
      <id>13513</id>
      <classname>org.openmrs.ConceptMap</classname>
      <dateChanged id="317">2012-06-21 16:49:52</dateChanged>
    </org.openmrs.module.metadatasharing.Item>
    <org.openmrs.module.metadatasharing.Item id="318" uuid="5b5e9c27-adb2-327a-898e-9e9ebe665563">
      <id>13513</id>
      <classname>org.openmrs.ConceptReferenceTerm</classname>
      <dateChanged id="319">2011-10-31 00:00:00</dateChanged>
      <retired>false</retired>
    </org.openmrs.module.metadatasharing.Item>
    <org.openmrs.module.metadatasharing.Item id="320" uuid="16475FFFFFFFFFFFFFFFFFFFFFFFFFFFFFFF">
      <id>5734</id>
      <classname>org.openmrs.ConceptDescription</classname>
      <dateChanged id="321">2011-12-15 08:12:05</dateChanged>
    </org.openmrs.module.metadatasharing.Item>
    <org.openmrs.module.metadatasharing.Item id="322" uuid="69aebfb3-3642-451d-a835-324b20f973b9">
      <id>13538</id>
      <classname>org.openmrs.ConceptMap</classname>
      <dateChanged id="323">2012-06-21 16:49:52</dateChanged>
    </org.openmrs.module.metadatasharing.Item>
    <org.openmrs.module.metadatasharing.Item id="324" uuid="670af1ab-33d9-3a8e-96bb-8c4699750a51">
      <id>13538</id>
      <classname>org.openmrs.ConceptReferenceTerm</classname>
      <dateChanged id="325">2011-10-31 00:00:00</dateChanged>
      <retired>false</retired>
    </org.openmrs.module.metadatasharing.Item>
    <org.openmrs.module.metadatasharing.Item id="326" uuid="83a5dc91-9874-4833-9e13-187590453b25">
      <id>20032</id>
      <classname>org.openmrs.ConceptMap</classname>
      <dateChanged id="327">2013-09-26 19:57:10</dateChanged>
    </org.openmrs.module.metadatasharing.Item>
    <org.openmrs.module.metadatasharing.Item id="328" uuid="6375d418-4774-4e9d-b5a5-e52775d6ba8c">
      <id>19907</id>
      <classname>org.openmrs.ConceptReferenceTerm</classname>
      <dateChanged id="329">2013-09-26 19:38:23</dateChanged>
      <retired>false</retired>
    </org.openmrs.module.metadatasharing.Item>
    <org.openmrs.module.metadatasharing.Item id="330" uuid="82d6aaa1-98ea-45e8-98b1-13ec7b8a6cfc">
      <id>14732</id>
      <classname>org.openmrs.ConceptMap</classname>
      <dateChanged id="331">2013-02-20 04:53:51</dateChanged>
    </org.openmrs.module.metadatasharing.Item>
    <org.openmrs.module.metadatasharing.Item id="332" uuid="74fcbb7e-741f-4df2-92d2-0319071fa19c">
      <id>14832</id>
      <classname>org.openmrs.ConceptReferenceTerm</classname>
      <dateChanged id="333">2013-02-20 04:45:49</dateChanged>
      <retired>false</retired>
    </org.openmrs.module.metadatasharing.Item>
    <org.openmrs.module.metadatasharing.Item id="334" uuid="05524376-9967-4731-8914-3dd8d020467f">
      <id>13515</id>
      <classname>org.openmrs.ConceptMap</classname>
      <dateChanged id="335">2012-06-21 16:49:52</dateChanged>
    </org.openmrs.module.metadatasharing.Item>
    <org.openmrs.module.metadatasharing.Item id="336" uuid="bed82485-a917-3ced-9731-e9a88bfd3e1d">
      <id>13515</id>
      <classname>org.openmrs.ConceptReferenceTerm</classname>
      <dateChanged id="337">2011-10-31 00:00:00</dateChanged>
      <retired>false</retired>
    </org.openmrs.module.metadatasharing.Item>
    <org.openmrs.module.metadatasharing.Item id="338" uuid="76ba6ca3-4578-4643-a9b6-13b91c28ea91">
      <id>13537</id>
      <classname>org.openmrs.ConceptMap</classname>
      <dateChanged id="339">2012-06-21 16:49:52</dateChanged>
    </org.openmrs.module.metadatasharing.Item>
    <org.openmrs.module.metadatasharing.Item id="340" uuid="898a48de-c2d0-3e24-8c2a-312cf7522472">
      <id>13537</id>
      <classname>org.openmrs.ConceptReferenceTerm</classname>
      <dateChanged id="341">2011-10-31 00:00:00</dateChanged>
      <retired>false</retired>
    </org.openmrs.module.metadatasharing.Item>
    <org.openmrs.module.metadatasharing.Item id="342" uuid="585AEEEEEEEEEEEEEEEEEEEEEEEEEEEEEEEE">
      <id>1536</id>
      <classname>org.openmrs.ConceptSet</classname>
      <dateChanged id="343">2010-12-14 02:46:37</dateChanged>
    </org.openmrs.module.metadatasharing.Item>
    <org.openmrs.module.metadatasharing.Item id="344" uuid="159948AAAAAAAAAAAAAAAAAAAAAAAAAAAAAA">
      <id>7538</id>
      <classname>org.openmrs.Concept</classname>
      <dateChanged id="345">2014-01-06 19:57:27</dateChanged>
      <retired>false</retired>
    </org.openmrs.module.metadatasharing.Item>
    <org.openmrs.module.metadatasharing.Item id="346" uuid="8d4a505e-c2cc-11de-8d13-0010c6dffd0f">
      <id>6</id>
      <classname>org.openmrs.ConceptDatatype</classname>
      <dateChanged id="347">2004-07-22 00:00:00</dateChanged>
      <retired>false</retired>
    </org.openmrs.module.metadatasharing.Item>
    <org.openmrs.module.metadatasharing.Item id="348" uuid="1766dcb3-9f22-4c08-95d0-603011a8c425">
      <id>25775</id>
      <classname>org.openmrs.ConceptName</classname>
      <dateChanged id="349">2014-01-06 19:57:27</dateChanged>
    </org.openmrs.module.metadatasharing.Item>
    <org.openmrs.module.metadatasharing.Item id="350" uuid="107503BBBBBBBBBBBBBBBBBBBBBBBBBBBBBB">
      <id>15375</id>
      <classname>org.openmrs.ConceptName</classname>
      <dateChanged id="351">2010-12-14 02:46:18</dateChanged>
    </org.openmrs.module.metadatasharing.Item>
    <org.openmrs.module.metadatasharing.Item id="352" uuid="16477FFFFFFFFFFFFFFFFFFFFFFFFFFFFFFF">
      <id>5735</id>
      <classname>org.openmrs.ConceptDescription</classname>
      <dateChanged id="353">2011-10-31 16:52:35</dateChanged>
    </org.openmrs.module.metadatasharing.Item>
    <org.openmrs.module.metadatasharing.Item id="354" uuid="7f1fdf8f-90c7-416e-a1d1-c33aab2aae44">
      <id>13535</id>
      <classname>org.openmrs.ConceptMap</classname>
      <dateChanged id="355">2012-06-21 16:49:52</dateChanged>
    </org.openmrs.module.metadatasharing.Item>
    <org.openmrs.module.metadatasharing.Item id="356" uuid="5e0a714d-08f4-3b7a-a97c-294aa8985196">
      <id>13535</id>
      <classname>org.openmrs.ConceptReferenceTerm</classname>
      <dateChanged id="357">2011-10-31 00:00:00</dateChanged>
      <retired>false</retired>
    </org.openmrs.module.metadatasharing.Item>
    <org.openmrs.module.metadatasharing.Item id="358" uuid="c947722d-9598-4085-926e-0698031c7e7a">
      <id>13516</id>
      <classname>org.openmrs.ConceptMap</classname>
      <dateChanged id="359">2012-06-21 16:49:52</dateChanged>
    </org.openmrs.module.metadatasharing.Item>
    <org.openmrs.module.metadatasharing.Item id="360" uuid="97887c12-0469-3e84-a250-5e89a7ab458c">
      <id>13516</id>
      <classname>org.openmrs.ConceptReferenceTerm</classname>
      <dateChanged id="361">2011-10-31 00:00:00</dateChanged>
      <retired>false</retired>
    </org.openmrs.module.metadatasharing.Item>
    <org.openmrs.module.metadatasharing.Item id="362" uuid="137054ABBBBBBBBBBBBBBBBBBBBBBBBBBBBB">
      <id>13517</id>
      <classname>org.openmrs.ConceptMap</classname>
      <dateChanged id="363">2012-06-21 16:49:52</dateChanged>
    </org.openmrs.module.metadatasharing.Item>
    <org.openmrs.module.metadatasharing.Item id="364" uuid="ecdb32fb-fde1-3538-a18e-c7b3a830dcd3">
      <id>13517</id>
      <classname>org.openmrs.ConceptReferenceTerm</classname>
      <dateChanged id="365">2010-12-14 00:00:00</dateChanged>
      <retired>false</retired>
    </org.openmrs.module.metadatasharing.Item>
    <org.openmrs.module.metadatasharing.Item id="366" uuid="334cf6bc-3d67-4a32-98d8-5bf2aa29010a">
      <id>13536</id>
      <classname>org.openmrs.ConceptMap</classname>
      <dateChanged id="367">2012-06-21 16:49:52</dateChanged>
    </org.openmrs.module.metadatasharing.Item>
    <org.openmrs.module.metadatasharing.Item id="368" uuid="691f72d4-a383-310a-b9fd-6921e3c4e492">
      <id>13536</id>
      <classname>org.openmrs.ConceptReferenceTerm</classname>
      <dateChanged id="369">2011-10-31 00:00:00</dateChanged>
      <retired>false</retired>
    </org.openmrs.module.metadatasharing.Item>
    <org.openmrs.module.metadatasharing.Item id="370" uuid="16476FFFFFFFFFFFFFFFFFFFFFFFFFFFFFFF">
      <id>5736</id>
      <classname>org.openmrs.ConceptDescription</classname>
      <dateChanged id="371">2011-10-31 16:52:07</dateChanged>
    </org.openmrs.module.metadatasharing.Item>
    <org.openmrs.module.metadatasharing.Item id="372" uuid="7c6da065-9e34-4fd1-9cc0-cf0eb8baf01e">
      <id>13534</id>
      <classname>org.openmrs.ConceptMap</classname>
      <dateChanged id="373">2012-06-21 16:49:52</dateChanged>
    </org.openmrs.module.metadatasharing.Item>
    <org.openmrs.module.metadatasharing.Item id="374" uuid="97b0e83c-1a72-3827-ace1-cbf05b1fa999">
      <id>13534</id>
      <classname>org.openmrs.ConceptReferenceTerm</classname>
      <dateChanged id="375">2011-10-31 00:00:00</dateChanged>
      <retired>false</retired>
    </org.openmrs.module.metadatasharing.Item>
    <org.openmrs.module.metadatasharing.Item id="376" uuid="a609fbe9-7518-446f-9daf-16aef46978ee">
      <id>14730</id>
      <classname>org.openmrs.ConceptMap</classname>
      <dateChanged id="377">2013-02-20 04:47:45</dateChanged>
    </org.openmrs.module.metadatasharing.Item>
    <org.openmrs.module.metadatasharing.Item id="378" uuid="a3427aee-d3e3-4e17-838f-4da08603ff1d">
      <id>14829</id>
      <classname>org.openmrs.ConceptReferenceTerm</classname>
      <dateChanged id="379">2013-02-20 04:44:01</dateChanged>
      <retired>false</retired>
    </org.openmrs.module.metadatasharing.Item>
    <org.openmrs.module.metadatasharing.Item id="380" uuid="6356cb21-b452-43fd-9f28-57abe7d08ba5">
      <id>13518</id>
      <classname>org.openmrs.ConceptMap</classname>
      <dateChanged id="381">2012-06-21 16:49:52</dateChanged>
    </org.openmrs.module.metadatasharing.Item>
    <org.openmrs.module.metadatasharing.Item id="382" uuid="074e6afb-a7a2-3254-8c0b-c2ce6dc8aa68">
      <id>13518</id>
      <classname>org.openmrs.ConceptReferenceTerm</classname>
      <dateChanged id="383">2011-10-31 00:00:00</dateChanged>
      <retired>false</retired>
    </org.openmrs.module.metadatasharing.Item>
    <org.openmrs.module.metadatasharing.Item id="384" uuid="29d1d2cb-fb85-4d9d-a77c-15eaaa643b49">
      <id>13533</id>
      <classname>org.openmrs.ConceptMap</classname>
      <dateChanged id="385">2012-06-21 16:49:52</dateChanged>
    </org.openmrs.module.metadatasharing.Item>
    <org.openmrs.module.metadatasharing.Item id="386" uuid="7bfbe465-1dc3-3ac4-970c-3fc9d83f6f44">
      <id>13533</id>
      <classname>org.openmrs.ConceptReferenceTerm</classname>
      <dateChanged id="387">2011-10-31 00:00:00</dateChanged>
      <retired>false</retired>
    </org.openmrs.module.metadatasharing.Item>
    <org.openmrs.module.metadatasharing.Item id="388" uuid="137053ABBBBBBBBBBBBBBBBBBBBBBBBBBBBB">
      <id>13519</id>
      <classname>org.openmrs.ConceptMap</classname>
      <dateChanged id="389">2010-12-14 02:44:15</dateChanged>
    </org.openmrs.module.metadatasharing.Item>
    <org.openmrs.module.metadatasharing.Item id="390" uuid="43ac5109-7d8c-11e1-909d-c80aa9edcf4e">
      <id>2</id>
      <classname>org.openmrs.ConceptMapType</classname>
      <dateChanged id="391">2012-06-21 00:00:00</dateChanged>
      <retired>false</retired>
    </org.openmrs.module.metadatasharing.Item>
    <org.openmrs.module.metadatasharing.Item id="392" uuid="b41a3268-7c36-325c-9020-b710c5316ce3">
      <id>13519</id>
      <classname>org.openmrs.ConceptReferenceTerm</classname>
      <dateChanged id="393">2010-12-14 00:00:00</dateChanged>
      <retired>false</retired>
    </org.openmrs.module.metadatasharing.Item>
    <org.openmrs.module.metadatasharing.Item id="394" uuid="2ADDDDDDDDDDDDDDDDDDDDDDDDDDDDDDDDDD">
      <id>8</id>
      <classname>org.openmrs.ConceptSource</classname>
      <dateChanged id="395">2010-04-25 11:12:44</dateChanged>
      <retired>false</retired>
    </org.openmrs.module.metadatasharing.Item>
    <org.openmrs.module.metadatasharing.Item id="396" uuid="4c5b329e-6751-4387-b018-e2b38f5c3693">
      <id>20029</id>
      <classname>org.openmrs.ConceptMap</classname>
      <dateChanged id="397">2013-09-26 19:57:08</dateChanged>
    </org.openmrs.module.metadatasharing.Item>
    <org.openmrs.module.metadatasharing.Item id="398" uuid="4b3c466b-8f7b-49fe-95b7-2f487ef26018">
      <id>19906</id>
      <classname>org.openmrs.ConceptReferenceTerm</classname>
      <dateChanged id="399">2013-09-26 19:38:23</dateChanged>
      <retired>false</retired>
    </org.openmrs.module.metadatasharing.Item>
  </relatedItems>
</package>
